frame,time_s,latency_ms,detected,gt_x,gt_y,gt_z,gt_dist,gt_yaw,pred_x,pred_y,pred_z,pred_dist,pred_yaw,reprojection_error_px
0,0.0000,1.2266,1,0.0000,0.2000,6.0000,6.0033,20.0000,-0.0001,0.2110,6.3182,6.3218,20.3060,0.1073
1,0.0333,1.1902,1,0.0084,0.1992,5.9816,5.9849,19.9155,0.0095,0.2107,6.3112,6.3147,20.3097,0.1301
2,0.0667,1.4408,1,0.0167,0.1983,5.9632,5.9665,19.7961,0.0184,0.2089,6.2684,6.2719,20.0707,0.0882
3,0.1000,1.3193,1,0.0249,0.1971,5.9448,5.9481,19.6422,0.0267,0.2068,6.2451,6.2486,20.1670,0.1046
4,0.1333,1.2641,1,0.0331,0.1958,5.9264,5.9297,19.4543,0.0360,0.2059,6.2445,6.2480,19.8213,0.1013
5,0.1667,1.1789,1,0.0412,0.1942,5.9080,5.9114,19.2329,0.0443,0.2045,6.1854,6.1889,19.4351,0.0545
6,0.2000,1.2167,1,0.0493,0.1925,5.8896,5.8930,18.9788,0.0503,0.2025,6.1805,6.1840,19.1692,0.0986
7,0.2333,1.2032,1,0.0573,0.1906,5.8712,5.8746,18.6926,0.0604,0.1984,6.1739,6.1774,19.0016,0.1230
8,0.2667,1.0782,1,0.0651,0.1885,5.8528,5.8562,18.3750,0.0680,0.1982,6.1733,6.1769,18.6316,0.0271
9,0.3000,1.2617,1,0.0729,0.1862,5.8344,5.8379,18.0268,0.0762,0.1962,6.1494,6.1530,18.6119,0.0751
10,0.3333,1.2574,1,0.0806,0.1838,5.8161,5.8195,17.6488,0.0840,0.1935,6.1166,6.1202,17.8661,0.1079
11,0.3667,1.6935,1,0.0883,0.1812,5.7977,5.8012,17.2420,0.0923,0.1909,6.0983,6.1020,17.4306,0.0673
12,0.4000,1.4013,1,0.0958,0.1784,5.7793,5.7828,16.8072,0.1008,0.1894,6.0896,6.0933,17.1128,0.0551
13,0.4333,1.2401,1,0.1032,0.1755,5.7609,5.7645,16.3454,0.1076,0.1846,6.0560,6.0597,16.3908,0.0786
14,0.4667,1.3045,1,0.1106,0.1724,5.7425,5.7461,15.8577,0.1163,0.1815,6.0437,6.0475,16.0234,0.0342
15,0.5000,1.2696,1,0.1178,0.1691,5.7241,5.7278,15.3451,0.1249,0.1785,6.0241,6.0280,15.3738,0.1510
16,0.5333,1.1830,1,0.1249,0.1657,5.7057,5.7095,14.8087,0.1326,0.1761,6.0204,6.0244,15.2103,0.0112
17,0.5667,1.1852,1,0.1319,0.1622,5.6873,5.6911,14.2497,0.1391,0.1679,5.9620,5.9660,14.4855,0.3140
18,0.6000,1.3197,1,0.1388,0.1585,5.6689,5.6728,13.6692,0.1467,0.1680,5.9783,5.9825,14.2372,0.0627
19,0.6333,1.1435,1,0.1456,0.1547,5.6505,5.6545,13.0684,0.1514,0.1648,5.9118,5.9161,13.0599,0.2030
20,0.6667,1.2678,1,0.1523,0.1507,5.6321,5.6362,12.4485,0.1612,0.1595,5.9360,5.9403,12.8278,0.1257
21,0.7000,1.4507,1,0.1588,0.1467,5.6137,5.6179,11.8109,0.1652,0.1570,5.8862,5.8906,11.9519,0.0239
22,0.7333,1.2695,1,0.1653,0.1425,5.5953,5.5996,11.1567,0.1728,0.1495,5.8856,5.8900,11.5480,0.1634
23,0.7667,1.3055,1,0.1716,0.1382,5.5769,5.5813,10.4873,0.1796,0.1423,5.8444,5.8489,10.4036,0.3156
24,0.8000,1.1170,1,0.1778,0.1338,5.5585,5.5630,9.8041,0.1839,0.1388,5.8361,5.8406,9.4961,0.0602
25,0.8333,1.2527,1,0.1838,0.1293,5.5401,5.5447,9.1082,0.1903,0.1349,5.7817,5.7864,9.1218,0.0380
26,0.8667,1.3273,1,0.1898,0.1246,5.5217,5.5264,8.4012,0.1963,0.1300,5.7727,5.7775,8.3449,0.2656
27,0.9000,1.4093,1,0.1956,0.1199,5.5033,5.5081,7.6843,0.2056,0.1260,5.7720,5.7771,7.8619,0.1593
28,0.9333,1.2712,1,0.2012,0.1151,5.4850,5.4898,6.9589,0.2109,0.1193,5.7470,5.7521,6.6878,0.1485
29,0.9667,1.1763,1,0.2067,0.1103,5.4666,5.4716,6.2265,0.2171,0.1162,5.6939,5.6992,5.9081,0.1882
30,1.0000,1.2819,1,0.2121,0.1053,5.4482,5.4533,5.4883,0.2223,0.1083,5.6787,5.6840,5.5855,0.3605
31,1.0333,1.2947,1,0.2174,0.1003,5.4298,5.4350,4.7457,0.2263,0.1074,5.6801,5.6857,4.4000,0.2408
32,1.0667,1.1904,1,0.2225,0.0952,5.4114,5.4168,4.0003,0.2362,0.0990,5.6413,5.6471,3.6083,0.1120
33,1.1000,1.2364,1,0.2275,0.0900,5.3930,5.3985,3.2532,0.2399,0.0938,5.6865,5.6923,3.1811,0.0123
34,1.1333,1.2569,1,0.2323,0.0848,5.3746,5.3803,2.5059,0.2445,0.0865,5.6226,5.6285,2.8050,0.2192
35,1.1667,1.2278,1,0.2370,0.0796,5.3562,5.3620,1.7597,0.2471,0.0824,5.6155,5.6216,1.5511,0.0004
36,1.2000,1.4130,1,0.2415,0.0743,5.3378,5.3438,1.0160,0.2498,0.0775,5.5637,5.5699,0.9412,0.2563
37,1.2333,1.3666,1,0.2459,0.0690,5.3194,5.3255,0.2762,0.2540,0.0701,5.5345,5.5408,-0.1546,0.2296
38,1.2667,1.2077,1,0.2501,0.0636,5.3010,5.3073,-0.4585,0.2536,0.0664,5.4592,5.4655,-1.0592,0.4379
39,1.3000,1.1425,1,0.2542,0.0582,5.2826,5.2890,-1.1868,0.2646,0.0578,5.4914,5.4980,-0.7794,0.0764
40,1.3333,1.2771,1,0.2581,0.0528,5.2642,5.2708,-1.9074,0.2676,0.0562,5.4987,5.5055,-1.9628,0.0506
41,1.3667,1.2643,1,0.2619,0.0474,5.2458,5.2526,-2.6191,0.2740,0.0496,5.4837,5.4908,-2.7725,0.1955
42,1.4000,1.1915,1,0.2656,0.0420,5.2274,5.2343,-3.3205,0.2795,0.0455,5.4869,5.4942,-3.4728,0.0538
43,1.4333,1.2574,1,0.2690,0.0366,5.2090,5.2161,-4.0106,0.2818,0.0357,5.4404,5.4478,-3.7936,0.0357
44,1.4667,1.1497,1,0.2724,0.0312,5.1906,5.1979,-4.6881,0.2866,0.0329,5.4469,5.4545,-4.5963,0.0210
45,1.5000,1.2584,1,0.2755,0.0258,5.1722,5.1796,-5.3519,0.2883,0.0272,5.3952,5.4029,-5.0121,0.0544
46,1.5333,1.2416,1,0.2785,0.0204,5.1538,5.1614,-6.0010,0.2889,0.0222,5.4055,5.4133,-5.9386,0.0551
47,1.5667,1.2845,1,0.2814,0.0150,5.1355,5.1432,-6.6342,0.2952,0.0156,5.3757,5.3838,-6.6559,0.2644
48,1.6000,1.1741,1,0.2841,0.0097,5.1171,5.1249,-7.2505,0.3004,0.0125,5.3937,5.4020,-7.5828,0.2073
49,1.6333,1.2929,1,0.2867,0.0044,5.0987,5.1067,-7.8490,0.2999,0.0026,5.3512,5.3596,-7.6789,0.1593
50,1.6667,1.2166,1,0.2891,-0.0009,5.0803,5.0885,-8.4286,0.3028,-0.0004,5.3401,5.3487,-8.4252,0.1262
51,1.7000,1.2084,1,0.2913,-0.0061,5.0619,5.0703,-8.9885,0.3059,-0.0053,5.3043,5.3131,-8.4801,0.0455
52,1.7333,1.2526,1,0.2934,-0.0113,5.0435,5.0520,-9.5278,0.3050,-0.0114,5.2788,5.2876,-9.4954,0.2245
53,1.7667,1.1594,1,0.2953,-0.0164,5.0251,5.0338,-10.0456,0.3111,-0.0177,5.2711,5.2803,-10.1073,0.1623
54,1.8000,1.2470,1,0.2971,-0.0215,5.0067,5.0155,-10.5413,0.3134,-0.0242,5.2709,5.2803,-10.2435,0.0348
55,1.8333,1.3011,1,0.2987,-0.0265,4.9883,4.9973,-11.0141,0.3140,-0.0289,5.2214,5.2309,-10.9016,0.4343
56,1.8667,1.2778,1,0.3002,-0.0314,4.9699,4.9791,-11.4632,0.3162,-0.0343,5.2101,5.2198,-11.3388,0.0703
57,1.9000,1.2420,1,0.3015,-0.0363,4.9515,4.9608,-11.8881,0.3176,-0.0386,5.1876,5.1974,-12.2743,0.1107
58,1.9333,1.2780,1,0.3026,-0.0410,4.9331,4.9426,-12.2882,0.3151,-0.0454,5.1688,5.1786,-12.6866,0.1979
59,1.9667,2.0298,1,0.3036,-0.0457,4.9147,4.9243,-12.6630,0.3201,-0.0490,5.1796,5.1898,-12.7088,0.0407
60,2.0000,1.3039,1,0.3045,-0.0504,4.8963,4.9060,-13.0120,0.3191,-0.0495,5.1459,5.1560,-13.2289,0.1188
61,2.0333,1.1750,1,0.3052,-0.0549,4.8779,4.8878,-13.3347,0.3233,-0.0582,5.1349,5.1454,-13.2338,0.2878
62,2.0667,1.2336,1,0.3057,-0.0593,4.8595,4.8695,-13.6308,0.3204,-0.0611,5.0874,5.0979,-13.7484,0.0968
63,2.1000,1.2787,1,0.3061,-0.0637,4.8411,4.8512,-13.8999,0.3217,-0.0659,5.0918,5.1023,-13.9979,0.1437
64,2.1333,1.2437,1,0.3064,-0.0679,4.8227,4.8329,-14.1418,0.3223,-0.0709,5.0496,5.0603,-14.3124,0.0669
65,2.1667,1.2817,1,0.3065,-0.0720,4.8043,4.8147,-14.3564,0.3210,-0.0750,5.0418,5.0525,-14.3913,0.0664
66,2.2000,1.2400,1,0.3065,-0.0760,4.7860,4.7964,-14.5433,0.3213,-0.0808,5.0231,5.0340,-14.5539,0.0263
67,2.2333,1.1590,1,0.3063,-0.0799,4.7676,4.7781,-14.7025,0.3208,-0.0846,4.9916,5.0026,-14.6570,0.0243
68,2.2667,1.3097,1,0.3059,-0.0837,4.7492,4.7597,-14.8339,0.3218,-0.0882,4.9905,5.0017,-14.9358,0.0792
69,2.3000,1.1345,1,0.3054,-0.0874,4.7308,4.7414,-14.9376,0.3212,-0.0910,4.9619,4.9731,-15.0400,0.0621
70,2.3333,1.2497,1,0.3048,-0.0909,4.7124,4.7231,-15.0135,0.3188,-0.0942,4.9469,4.9581,-15.1832,0.1090
71,2.3667,1.1765,1,0.3041,-0.0944,4.6940,4.7048,-15.0618,0.3202,-0.0989,4.9264,4.9378,-15.1575,0.0447
72,2.4000,1.2132,1,0.3032,-0.0977,4.6756,4.6864,-15.0826,0.3179,-0.1022,4.9013,4.9127,-15.3296,0.0534
73,2.4333,1.1302,1,0.3021,-0.1008,4.6572,4.6681,-15.0762,0.3174,-0.1062,4.8867,4.8982,-15.2275,0.1630
74,2.4667,1.1548,1,0.3010,-0.1039,4.6388,4.6497,-15.0427,0.3157,-0.1097,4.8627,4.8741,-15.0262,0.0461
75,2.5000,1.8920,1,0.2997,-0.1068,4.6204,4.6313,-14.9825,0.3141,-0.1123,4.8467,4.8581,-14.8017,0.1031
76,2.5333,1.1625,1,0.2982,-0.1095,4.6020,4.6130,-14.8958,0.3134,-0.1130,4.8322,4.8437,-15.0412,0.1796
77,2.5667,1.2315,1,0.2967,-0.1122,4.5836,4.5946,-14.7832,0.3115,-0.1174,4.8094,4.8209,-15.2123,0.0779
78,2.6000,2.0310,1,0.2950,-0.1147,4.5652,4.5762,-14.6449,0.3092,-0.1205,4.7794,4.7909,-14.7569,0.1133
79,2.6333,1.2341,1,0.2931,-0.1170,4.5468,4.5578,-14.4816,0.3072,-0.1226,4.7648,4.7763,-14.6163,0.0657
80,2.6667,1.2164,1,0.2912,-0.1192,4.5284,4.5393,-14.2937,0.3063,-0.1257,4.7635,4.7750,-14.3314,0.0533
81,2.7000,1.2723,1,0.2891,-0.1213,4.5100,4.5209,-14.0818,0.3032,-0.1276,4.7350,4.7464,-14.2816,0.1062
82,2.7333,1.2475,1,0.2869,-0.1232,4.4916,4.5025,-13.8464,0.3007,-0.1292,4.7150,4.7263,-13.9292,0.0740
83,2.7667,1.1135,1,0.2846,-0.1250,4.4732,4.4840,-13.5883,0.2986,-0.1318,4.6915,4.7029,-13.5776,0.0230
84,2.8000,1.2983,1,0.2822,-0.1266,4.4548,4.4656,-13.3081,0.2939,-0.1330,4.6708,4.6820,-13.4694,0.1953
85,2.8333,1.3475,1,0.2797,-0.1281,4.4365,4.4471,-13.0066,0.2942,-0.1359,4.6540,4.6653,-13.2574,0.2729
86,2.8667,1.2767,1,0.2770,-0.1295,4.4181,4.4286,-12.6844,0.2921,-0.1363,4.6405,4.6517,-13.1052,0.1656
87,2.9000,1.2571,1,0.2743,-0.1307,4.3997,4.4101,-12.3424,0.2872,-0.1371,4.6206,4.6315,-12.3953,0.1079
88,2.9333,1.3046,1,0.2714,-0.1317,4.3813,4.3916,-11.9813,0.2834,-0.1369,4.5752,4.5860,-11.7255,0.2116
89,2.9667,1.1819,1,0.2684,-0.1326,4.3629,4.3731,-11.6021,0.2809,-0.1384,4.5712,4.5819,-11.6033,0.0826
90,3.0000,1.2349,1,0.2654,-0.1334,4.3445,4.3546,-11.2055,0.2789,-0.1391,4.5569,4.5675,-11.4081,0.0489
91,3.0333,1.2798,1,0.2622,-0.1340,4.3261,4.3361,-10.7925,0.2744,-0.1397,4.5318,4.5423,-10.9194,0.0939
92,3.0667,1.5843,1,0.2589,-0.1344,4.3077,4.3176,-10.3640,0.2704,-0.1400,4.4962,4.5065,-10.2161,0.0803
93,3.1000,1.1595,1,0.2556,-0.1348,4.2893,4.2990,-9.9209,0.2685,-0.1415,4.4889,4.4991,-9.7274,0.1322
94,3.1333,1.2091,1,0.2521,-0.1349,4.2709,4.2805,-9.4642,0.2641,-0.1423,4.4829,4.4929,-9.5827,0.0647
95,3.1667,1.3185,1,0.2486,-0.1350,4.2525,4.2619,-8.9948,0.2608,-0.1410,4.4573,4.4672,-9.0964,0.1045
96,3.2000,1.2612,1,0.2449,-0.1349,4.2341,4.2433,-8.5138,0.2568,-0.1416,4.4198,4.4295,-8.5226,0.1164
97,3.2333,1.2709,1,0.2412,-0.1346,4.2157,4.2248,-8.0222,0.2512,-0.1380,4.4024,4.4117,-8.1668,0.1937
98,3.2667,1.2273,1,0.2374,-0.1343,4.1973,4.2062,-7.5208,0.2487,-0.1411,4.3908,4.4001,-7.0046,0.0433
99,3.3000,1.1764,1,0.2336,-0.1337,4.1789,4.1876,-7.0109,0.2432,-0.1415,4.3485,4.3575,-6.6512,0.2595
100,3.3333,1.1940,1,0.2296,-0.1331,4.1605,4.1690,-6.4934,0.2398,-0.1380,4.3666,4.3753,-6.2308,0.1099
101,3.3667,1.2636,1,0.2256,-0.1323,4.1421,4.1504,-5.9693,0.2359,-0.1383,4.3248,4.3335,-6.0095,0.1011
102,3.4000,1.1829,1,0.2215,-0.1314,4.1237,4.1318,-5.4397,0.2330,-0.1351,4.3058,4.3143,-5.8267,0.1198
103,3.4333,1.2363,1,0.2173,-0.1304,4.1054,4.1132,-4.9056,0.2271,-0.1362,4.2655,4.2737,-4.7240,0.1256
104,3.4667,1.3141,1,0.2131,-0.1292,4.0870,4.0945,-4.3680,0.2220,-0.1313,4.2685,4.2762,-4.4490,0.2133
105,3.5000,1.2567,1,0.2088,-0.1279,4.0686,4.0759,-3.8280,0.2180,-0.1320,4.2089,4.2166,-4.3521,0.3423
106,3.5333,1.2690,1,0.2045,-0.1265,4.0502,4.0573,-3.2867,0.2139,-0.1286,4.2114,4.2188,-3.7841,0.1745
107,3.5667,1.9796,1,0.2001,-0.1250,4.0318,4.0387,-2.7449,0.2097,-0.1283,4.1808,4.1880,-3.0278,0.4318
108,3.6000,1.2997,1,0.1956,-0.1234,4.0134,4.0200,-2.2038,0.2052,-0.1263,4.1699,4.1769,-2.3979,0.2147
109,3.6333,1.2469,1,0.1911,-0.1216,3.9950,4.0014,-1.6644,0.1976,-0.1261,4.1054,4.1121,-1.2883,0.5297
110,3.6667,1.2232,1,0.1866,-0.1198,3.9766,3.9828,-1.1276,0.1968,-0.1251,4.1464,4.1530,-1.3413,0.0598
111,3.7000,1.2430,1,0.1820,-0.1178,3.9582,3.9641,-0.5944,0.1859,-0.1222,4.0703,4.0763,-0.3779,0.2447
112,3.7333,1.2050,1,0.1774,-0.1157,3.9398,3.9455,-0.0657,0.1843,-0.1208,4.1020,4.1079,-0.1110,0.4896
113,3.7667,1.2452,1,0.1727,-0.1136,3.9214,3.9268,0.4574,0.1773,-0.1193,4.0541,4.0598,0.6069,0.1260
114,3.8000,1.1643,1,0.1680,-0.1113,3.9030,3.9082,0.9741,0.1769,-0.1194,4.0478,4.0535,0.9078,0.4054
115,3.8333,1.2699,1,0.1632,-0.1090,3.8846,3.8896,1.4835,0.1689,-0.1147,4.0239,4.0290,1.5700,0.3311
116,3.8667,1.3230,1,0.1585,-0.1065,3.8662,3.8709,1.9847,0.1656,-0.1102,4.0235,4.0284,1.3858,0.3002
117,3.9000,1.2470,1,0.1537,-0.1040,3.8478,3.8523,2.4769,0.1588,-0.1106,3.9750,3.9797,2.3763,0.4021
118,3.9333,1.2252,1,0.1488,-0.1014,3.8294,3.8337,2.9591,0.1575,-0.1086,3.9954,4.0000,3.1012,0.2476
119,3.9667,1.1550,1,0.1440,-0.0987,3.8110,3.8150,3.4307,0.1491,-0.1049,3.9630,3.9672,3.3103,0.1164
120,4.0000,1.2711,1,0.1391,-0.0960,3.7926,3.7964,3.8908,0.1445,-0.0969,3.9438,3.9477,3.5479,0.2006
121,4.0333,1.2636,1,0.1342,-0.0931,3.7742,3.7778,4.3388,0.1392,-0.0957,3.9474,3.9510,5.0207,0.1585
122,4.0667,1.3132,1,0.1293,-0.0902,3.7559,3.7592,4.7738,0.1313,-0.0930,3.9160,3.9193,4.9587,0.2036
123,4.1000,1.2592,1,0.1244,-0.0873,3.7375,3.7405,5.1953,0.1283,-0.0907,3.9073,3.9104,5.0319,0.1373
124,4.1333,1.2889,1,0.1195,-0.0843,3.7191,3.7219,5.6026,0.1244,-0.0854,3.8770,3.8799,5.6050,0.4165
125,4.1667,1.2177,1,0.1146,-0.0812,3.7007,3.7033,5.9950,0.1211,-0.0841,3.8600,3.8628,5.9044,0.1599
126,4.2000,1.3054,1,0.1097,-0.0781,3.6823,3.6847,6.3720,0.1137,-0.0825,3.8456,3.8482,6.3304,0.1830
127,4.2333,1.2845,1,0.1048,-0.0749,3.6639,3.6661,6.7331,0.1095,-0.0772,3.8155,3.8178,6.6275,0.1650
128,4.2667,1.1875,1,0.0999,-0.0717,3.6455,3.6476,7.0777,0.1043,-0.0761,3.8071,3.8093,7.0454,0.2204
129,4.3000,1.1867,1,0.0950,-0.0685,3.6271,3.6290,7.4054,0.0999,-0.0716,3.7845,3.7865,7.2509,0.2605
130,4.3333,1.2868,1,0.0901,-0.0652,3.6087,3.6104,7.7158,0.0926,-0.0691,3.7705,3.7723,7.8379,0.1117
131,4.3667,1.1796,1,0.0852,-0.0619,3.5903,3.5918,8.0085,0.0890,-0.0636,3.7484,3.7500,8.0099,0.1616
132,4.4000,1.2568,1,0.0803,-0.0585,3.5719,3.5733,8.2830,0.0823,-0.0602,3.7339,3.7353,8.4431,0.0864
133,4.4333,1.1448,1,0.0755,-0.0552,3.5535,3.5547,8.5391,0.0771,-0.0566,3.7030,3.7043,8.7082,0.0634
134,4.4667,1.2683,1,0.0706,-0.0518,3.5351,3.5362,8.7766,0.0738,-0.0540,3.6877,3.6889,8.8567,0.2949
135,4.5000,1.2761,1,0.0658,-0.0484,3.5167,3.5177,8.9952,0.0687,-0.0494,3.6642,3.6652,8.9303,0.0320
136,4.5333,1.3630,1,0.0610,-0.0450,3.4983,3.4991,9.1947,0.0634,-0.0475,3.6533,3.6542,9.3065,0.2049
137,4.5667,1.1341,1,0.0563,-0.0416,3.4799,3.4806,9.3749,0.0572,-0.0425,3.6282,3.6289,9.5152,0.0852
138,4.6000,1.2587,1,0.0515,-0.0382,3.4615,3.4621,9.5357,0.0529,-0.0397,3.6094,3.6100,9.5837,0.0450
139,4.6333,1.2780,1,0.0468,-0.0348,3.4431,3.4436,9.6771,0.0493,-0.0362,3.5919,3.5925,9.7068,0.1420
140,4.6667,1.1864,1,0.0422,-0.0314,3.4247,3.4252,9.7989,0.0438,-0.0329,3.5796,3.5800,9.7389,0.1613
141,4.7000,1.2821,1,0.0376,-0.0280,3.4064,3.4067,9.9013,0.0403,-0.0290,3.5560,3.5563,9.9210,0.1844
142,4.7333,1.3027,1,0.0330,-0.0246,3.3880,3.3882,9.9843,0.0345,-0.0254,3.5341,3.5344,10.1381,0.0439
143,4.7667,1.2711,1,0.0284,-0.0212,3.3696,3.3698,10.0478,0.0294,-0.0217,3.5184,3.5186,9.8695,0.1308
144,4.8000,1.2063,1,0.0239,-0.0179,3.3512,3.3513,10.0921,0.0261,-0.0185,3.4978,3.4979,10.0481,0.0540
145,4.8333,1.2720,1,0.0195,-0.0146,3.3328,3.3329,10.1173,0.0213,-0.0150,3.4707,3.4708,10.0659,0.0854
146,4.8667,1.4578,1,0.0150,-0.0113,3.3144,3.3144,10.1236,0.0146,-0.0104,3.4543,3.4543,10.1071,0.0954
147,4.9000,1.3393,1,0.0107,-0.0080,3.2960,3.2960,10.1112,0.0099,-0.0079,3.4343,3.4344,10.1889,0.4075
148,4.9333,1.1486,1,0.0064,-0.0048,3.2776,3.2776,10.0803,0.0078,-0.0045,3.4165,3.4165,10.1060,0.1407
149,4.9667,1.2474,1,0.0021,-0.0016,3.2592,3.2592,10.0312,0.0023,-0.0021,3.3942,3.3942,9.9766,0.0227
150,5.0000,1.2196,1,-0.0021,0.0016,3.2408,3.2408,9.9644,-0.0014,0.0018,3.3801,3.3801,10.0237,0.0728
151,5.0333,1.6822,1,-0.0062,0.0047,3.2224,3.2224,9.8800,-0.0068,0.0030,3.3537,3.3537,9.8021,0.1408
152,5.0667,1.3440,1,-0.0103,0.0077,3.2040,3.2040,9.7786,-0.0099,0.0063,3.3379,3.3379,9.9051,0.3180
153,5.1000,1.1774,1,-0.0144,0.0108,3.1856,3.1857,9.6604,-0.0147,0.0120,3.3198,3.3199,9.6858,0.1751
154,5.1333,1.3219,1,-0.0183,0.0137,3.1672,3.1673,9.5261,-0.0191,0.0139,3.2902,3.2903,9.5211,0.2034
155,5.1667,1.2680,1,-0.0222,0.0166,3.1488,3.1490,9.3759,-0.0242,0.0177,3.2755,3.2756,9.4049,0.0750
156,5.2000,1.2771,1,-0.0260,0.0195,3.1304,3.1306,9.2105,-0.0270,0.0211,3.2614,3.2616,9.3400,0.1235
157,5.2333,1.2843,1,-0.0298,0.0222,3.1120,3.1123,9.0304,-0.0316,0.0234,3.2375,3.2378,9.0342,0.0893
158,5.2667,1.2496,1,-0.0335,0.0250,3.0936,3.0939,8.8360,-0.0356,0.0249,3.2137,3.2140,8.7218,0.1427
159,5.3000,1.1838,1,-0.0371,0.0276,3.0753,3.0756,8.6280,-0.0389,0.0287,3.1989,3.1993,8.7119,0.1193
160,5.3333,1.2463,1,-0.0407,0.0302,3.0569,3.0573,8.4069,-0.0412,0.0330,3.1777,3.1782,8.4511,0.1250
161,5.3667,1.1680,1,-0.0442,0.0327,3.0385,3.0390,8.1734,-0.0466,0.0348,3.1645,3.1650,8.3454,0.0533
162,5.4000,1.2952,1,-0.0476,0.0352,3.0201,3.0206,7.9281,-0.0506,0.0357,3.1361,3.1367,7.9462,0.2691
163,5.4333,1.2606,1,-0.0509,0.0376,3.0017,3.0023,7.6716,-0.0518,0.0384,3.1269,3.1276,7.6574,0.0340
164,5.4667,1.3206,1,-0.0542,0.0399,2.9833,2.9840,7.4046,-0.0545,0.0421,3.1030,3.1038,7.3885,0.2418
165,5.5000,1.5373,1,-0.0574,0.0421,2.9649,2.9657,7.1277,-0.0578,0.0445,3.0912,3.0921,7.0725,0.1404
166,5.5333,1.2792,1,-0.0605,0.0442,2.9465,2.9474,6.8416,-0.0619,0.0451,3.0667,3.0677,6.8208,0.2226
167,5.5667,1.2533,1,-0.0635,0.0463,2.9281,2.9291,6.5470,-0.0674,0.0488,3.0486,3.0498,6.5086,0.2847
168,5.6000,1.3062,1,-0.0664,0.0483,2.9097,2.9109,6.2447,-0.0694,0.0503,3.0172,3.0184,6.5104,0.1726
169,5.6333,1.2836,1,-0.0693,0.0501,2.8913,2.8926,5.9352,-0.0718,0.0519,3.0002,3.0015,5.9050,0.1082
170,5.6667,1.2906,1,-0.0721,0.0520,2.8729,2.8743,5.6194,-0.0743,0.0521,2.9820,2.9834,5.5792,0.0874
171,5.7000,1.2811,1,-0.0748,0.0537,2.8545,2.8560,5.2980,-0.0780,0.0545,2.9610,2.9625,5.1544,0.6879
172,5.7333,1.1808,1,-0.0774,0.0553,2.8361,2.8377,4.9715,-0.0779,0.0570,2.9409,2.9425,5.2808,0.1735
173,5.7667,1.2977,1,-0.0799,0.0569,2.8177,2.8194,4.6409,-0.0824,0.0571,2.9170,2.9187,4.6809,0.4674
174,5.8000,1.3143,1,-0.0823,0.0583,2.7993,2.8011,4.3068,-0.0869,0.0580,2.9084,2.9103,3.9486,0.4458
175,5.8333,1.2331,1,-0.0847,0.0597,2.7809,2.7829,3.9698,-0.0857,0.0617,2.8685,2.8705,4.3068,0.4382
176,5.8667,1.2038,1,-0.0870,0.0610,2.7625,2.7646,3.6308,-0.0898,0.0593,2.8611,2.8631,3.3100,0.4554
177,5.9000,1.3121,1,-0.0892,0.0622,2.7441,2.7463,3.2904,-0.0926,0.0650,2.8450,2.8473,3.1911,0.4357
178,5.9333,1.2426,1,-0.0913,0.0633,2.7258,2.7280,2.9494,-0.0951,0.0656,2.8011,2.8035,2.8254,0.5321
179,5.9667,1.2194,1,-0.0933,0.0643,2.7074,2.7097,2.6084,-0.0963,0.0680,2.8255,2.8280,2.7509,0.3146
180,6.0000,1.6598,1,-0.0952,0.0653,2.6890,2.6914,2.2681,-0.1019,0.0694,2.7853,2.7880,2.1261,0.6501
181,6.0333,1.2816,1,-0.0970,0.0661,2.6706,2.6731,1.9291,-0.0985,0.0695,2.7615,2.7641,1.7832,0.3217
182,6.0667,1.2432,1,-0.0988,0.0669,2.6522,2.6549,1.5923,-0.1005,0.0682,2.7094,2.7121,1.3809,1.0305
183,6.1000,1.3450,1,-0.1004,0.0675,2.6338,2.6366,1.2581,-0.1052,0.0682,2.7454,2.7482,1.2042,0.5615
184,6.1333,1.3282,1,-0.1020,0.0681,2.6154,2.6183,0.9272,-0.1067,0.0754,2.6745,2.6777,1.0622,0.7592
185,6.1667,1.2244,1,-0.1035,0.0686,2.5970,2.6000,0.6003,-0.1090,0.0697,2.7019,2.7050,0.3484,0.5330
186,6.2000,1.3412,1,-0.1049,0.0690,2.5786,2.5817,0.2779,-0.1066,0.0720,2.6720,2.6751,0.3478,0.5487
187,6.2333,1.2214,1,-0.1062,0.0693,2.5602,2.5633,-0.0394,-0.1113,0.0712,2.6652,2.6685,0.2537,0.5151
188,6.2667,1.2455,1,-0.1075,0.0696,2.5418,2.5450,-0.3509,-0.1054,0.0729,2.5832,2.5864,-0.3190,0.9874
189,6.3000,1.3158,1,-0.1086,0.0697,2.5234,2.5267,-0.6563,-0.1131,0.0735,2.5748,2.5783,-0.8852,0.8546
190,6.3333,1.3007,1,-0.1097,0.0698,2.5050,2.5084,-0.9548,-0.1124,0.0733,2.6135,2.6169,-0.7553,0.3423
191,6.3667,1.2370,1,-0.1106,0.0698,2.4866,2.4901,-1.2461,-0.1130,0.0707,2.5895,2.5930,-1.2668,0.5583
192,6.4000,1.3322,1,-0.1115,0.0697,2.4682,2.4717,-1.5297,-0.1173,0.0717,2.5600,2.5637,-1.1289,0.4984
193,6.4333,1.3127,1,-0.1123,0.0695,2.4498,2.4534,-1.8051,-0.1128,0.0678,2.5269,2.5304,-1.5459,1.0239
194,6.4667,1.3545,1,-0.1130,0.0692,2.4314,2.4350,-2.0719,-0.1164,0.0712,2.5297,2.5334,-1.9014,0.3421
195,6.5000,1.3182,1,-0.1137,0.0689,2.4130,2.4167,-2.3296,-0.1165,0.0711,2.4708,2.4746,-2.5005,0.5874
196,6.5333,1.2928,1,-0.1142,0.0685,2.3946,2.3984,-2.5779,-0.1194,0.0709,2.4806,2.4845,-2.6348,0.5161
197,6.5667,1.3976,1,-0.1147,0.0680,2.3763,2.3800,-2.8165,-0.1171,0.0703,2.4665,2.4702,-2.9328,0.8308
198,6.6000,1.3555,1,-0.1151,0.0675,2.3579,2.3616,-3.0449,-0.1183,0.0705,2.4442,2.4481,-2.6155,0.5868
199,6.6333,1.3256,1,-0.1154,0.0669,2.3395,2.3433,-3.2630,-0.1188,0.0699,2.3929,2.3969,-3.2474,0.5786
200,6.6667,1.3878,1,-0.1156,0.0662,2.3211,2.3249,-3.4704,-0.1193,0.0678,2.4085,2.4124,-3.3726,0.9265
201,6.7000,1.3308,1,-0.1158,0.0655,2.3027,2.3065,-3.6669,-0.1205,0.0679,2.3975,2.4014,-3.4363,0.5230
202,6.7333,1.3526,1,-0.1158,0.0647,2.2843,2.2881,-3.8522,-0.1193,0.0691,2.3681,2.3721,-3.7500,0.8105
203,6.7667,1.3868,1,-0.1158,0.0638,2.2659,2.2697,-4.0262,-0.1171,0.0674,2.3224,2.3263,-3.9188,1.4170
204,6.8000,1.4052,1,-0.1158,0.0629,2.2475,2.2513,-4.1888,-0.1157,0.0650,2.3291,2.3329,-4.1787,1.0068
205,6.8333,1.3674,1,-0.1156,0.0619,2.2291,2.2329,-4.3397,-0.1164,0.0628,2.2819,2.2857,-4.4987,0.5193
206,6.8667,1.3738,1,-0.1154,0.0608,2.2107,2.2145,-4.4789,-0.1189,0.0622,2.2772,2.2811,-4.4087,0.8224
207,6.9000,1.3128,1,-0.1151,0.0598,2.1923,2.1961,-4.6062,-0.1206,0.0631,2.2798,2.2839,-4.4541,0.1852
208,6.9333,1.3531,1,-0.1147,0.0586,2.1739,2.1777,-4.7217,-0.1178,0.0610,2.2598,2.2636,-4.5993,0.2393
209,6.9667,1.6569,1,-0.1143,0.0574,2.1555,2.1593,-4.8253,-0.1188,0.0586,2.2043,2.2082,-4.7889,0.9278
210,7.0000,1.3224,1,-0.1138,0.0562,2.1371,2.1409,-4.9171,-0.1195,0.0563,2.2252,2.2291,-4.9605,0.3835
211,7.0333,1.2187,1,-0.1132,0.0549,2.1187,2.1225,-4.9969,-0.1156,0.0577,2.1975,2.2013,-5.0487,0.4193
212,7.0667,1.3304,1,-0.1126,0.0536,2.1003,2.1040,-5.0650,-0.1161,0.0569,2.1823,2.1862,-5.1829,0.2646
213,7.1000,1.3448,1,-0.1119,0.0523,2.0819,2.0856,-5.1214,-0.1167,0.0547,2.1695,2.1733,-4.9573,0.3902
214,7.1333,1.2397,1,-0.1111,0.0509,2.0635,2.0672,-5.1662,-0.1164,0.0516,2.1386,2.1424,-4.8756,0.1990
215,7.1667,1.3237,1,-0.1103,0.0495,2.0452,2.0487,-5.1995,-0.1143,0.0513,2.1223,2.1260,-5.2370,0.4693
216,7.2000,1.3265,1,-0.1094,0.0480,2.0268,2.0303,-5.2214,-0.1126,0.0490,2.1105,2.1140,-5.0797,0.3392
217,7.2333,1.3284,1,-0.1084,0.0466,2.0084,2.0118,-5.2323,-0.1126,0.0493,2.0905,2.0941,-4.9730,0.3105
218,7.2667,1.2791,1,-0.1074,0.0451,1.9900,1.9934,-5.2322,-0.1124,0.0486,2.0715,2.0751,-5.0375,0.1974
219,7.3000,1.3611,1,-0.1064,0.0436,1.9716,1.9749,-5.2214,-0.1110,0.0459,2.0478,2.0514,-5.1741,0.5019
220,7.3333,1.2922,1,-0.1053,0.0420,1.9532,1.9565,-5.2002,-0.1104,0.0432,2.0290,2.0324,-5.1736,0.1358
221,7.3667,1.2081,1,-0.1041,0.0405,1.9348,1.9380,-5.1688,-0.1093,0.0429,2.0094,2.0129,-5.0478,0.2917
222,7.4000,1.3441,1,-0.1029,0.0389,1.9164,1.9195,-5.1275,-0.1072,0.0400,1.9959,1.9992,-5.1800,0.5160
223,7.4333,1.3704,1,-0.1016,0.0373,1.8980,1.9011,-5.0766,-0.1049,0.0388,1.9708,1.9740,-5.1142,0.0708
224,7.4667,1.7647,1,-0.1003,0.0358,1.8796,1.8826,-5.0164,-0.1042,0.0369,1.9561,1.9592,-5.0114,0.3087
225,7.5000,1.2770,1,-0.0990,0.0342,1.8612,1.8641,-4.9474,-0.1033,0.0352,1.9413,1.9443,-4.9258,0.2058
226,7.5333,1.2812,1,-0.0976,0.0326,1.8428,1.8457,-4.8697,-0.1025,0.0344,1.9117,1.9147,-4.5969,0.1686
227,7.5667,1.3897,1,-0.0962,0.0310,1.8244,1.8272,-4.7839,-0.1001,0.0324,1.9094,1.9123,-4.9558,0.6826
228,7.6000,1.3409,1,-0.0947,0.0294,1.8060,1.8087,-4.6903,-0.0983,0.0295,1.8831,1.8859,-4.7960,0.4669
229,7.6333,1.3490,1,-0.0932,0.0278,1.7876,1.7903,-4.5893,-0.0975,0.0307,1.8543,1.8571,-4.3604,0.6145
230,7.6667,1.2445,1,-0.0916,0.0262,1.7692,1.7718,-4.4813,-0.0958,0.0259,1.8408,1.8435,-4.4039,0.0642
231,7.7000,1.2300,1,-0.0901,0.0246,1.7508,1.7533,-4.3667,-0.0940,0.0258,1.8257,1.8284,-4.5160,0.2801
232,7.7333,1.2190,1,-0.0884,0.0231,1.7324,1.7349,-4.2460,-0.0926,0.0254,1.8010,1.8036,-4.0631,0.0894
233,7.7667,1.3047,1,-0.0868,0.0215,1.7140,1.7164,-4.1195,-0.0897,0.0217,1.7814,1.7837,-4.2176,0.1040
234,7.8000,1.3506,1,-0.0851,0.0200,1.6957,1.6979,-3.9879,-0.0894,0.0206,1.7697,1.7721,-3.9600,0.3779
235,7.8333,1.3180,1,-0.0834,0.0185,1.6773,1.6794,-3.8514,-0.0864,0.0192,1.7489,1.7512,-3.9513,0.3044
236,7.8667,1.3219,1,-0.0817,0.0170,1.6589,1.6610,-3.7106,-0.0853,0.0176,1.7276,1.7298,-3.7423,0.4489
237,7.9000,1.3155,1,-0.0800,0.0155,1.6405,1.6425,-3.5659,-0.0828,0.0156,1.7116,1.7136,-3.6718,0.3055
238,7.9333,1.2317,1,-0.0782,0.0141,1.6221,1.6240,-3.4177,-0.0822,0.0149,1.6945,1.6966,-3.3770,0.1707
239,7.9667,1.5125,1,-0.0764,0.0126,1.6037,1.6055,-3.2666,-0.0775,0.0123,1.5949,1.5968,-3.3787,0.2922
240,8.0000,1.1852,1,-0.0746,0.0112,1.5853,1.5871,-3.1130,-0.0741,0.0116,1.5779,1.5796,-3.0121,0.3941
241,8.0333,1.2858,1,-0.0728,0.0099,1.5669,1.5686,-2.9573,-0.0714,0.0093,1.5590,1.5607,-2.9540,0.2753
242,8.0667,1.3401,1,-0.0710,0.0085,1.5485,1.5501,-2.8001,-0.0695,0.0091,1.5403,1.5419,-2.8987,0.1909
243,8.1000,1.3211,1,-0.0692,0.0072,1.5301,1.5317,-2.6417,-0.0698,0.0078,1.5218,1.5234,-2.6094,0.0157
244,8.1333,1.2297,1,-0.0673,0.0060,1.5117,1.5132,-2.4827,-0.0670,0.0061,1.5022,1.5037,-2.4617,0.1784
245,8.1667,1.3305,1,-0.0655,0.0047,1.4933,1.4948,-2.3234,-0.0646,0.0052,1.4845,1.4859,-2.3929,0.4270
246,8.2000,1.3648,1,-0.0636,0.0035,1.4749,1.4763,-2.1643,-0.0638,0.0037,1.4664,1.4678,-2.1375,0.2938
247,8.2333,1.3187,1,-0.0618,0.0024,1.4565,1.4578,-2.0058,-0.0620,0.0027,1.4465,1.4478,-2.0731,0.1905
248,8.2667,1.2906,1,-0.0599,0.0013,1.4381,1.4394,-1.8484,-0.0593,0.0005,1.4301,1.4313,-1.7943,0.1588
249,8.3000,1.3312,1,-0.0580,0.0002,1.4197,1.4209,-1.6925,-0.0578,0.0002,1.4098,1.4109,-1.6905,0.1680
250,8.3333,1.3181,1,-0.0562,-0.0009,1.4013,1.4025,-1.5384,-0.0551,0.0000,1.3944,1.3955,-1.5678,0.2685
251,8.3667,1.3378,1,-0.0543,-0.0019,1.3829,1.3840,-1.3866,-0.0538,-0.0013,1.3740,1.3750,-1.4329,0.3951
252,8.4000,1.3624,1,-0.0525,-0.0028,1.3645,1.3656,-1.2373,-0.0520,-0.0023,1.3563,1.3573,-1.2930,0.2569
253,8.4333,1.5792,1,-0.0506,-0.0037,1.3462,1.3471,-1.0911,-0.0506,-0.0032,1.3382,1.3392,-1.1605,0.2269
254,8.4667,1.3040,1,-0.0488,-0.0046,1.3278,1.3287,-0.9482,-0.0491,-0.0043,1.3187,1.3197,-0.9985,0.0433
255,8.5000,1.2711,1,-0.0470,-0.0054,1.3094,1.3102,-0.8089,-0.0468,-0.0052,1.3002,1.3010,-0.8584,0.1502
256,8.5333,1.3033,1,-0.0452,-0.0061,1.2910,1.2918,-0.6737,-0.0452,-0.0057,1.2828,1.2836,-0.6920,0.2149
257,8.5667,1.3424,1,-0.0434,-0.0069,1.2726,1.2733,-0.5427,-0.0431,-0.0067,1.2634,1.2641,-0.5204,0.2586
258,8.6000,1.2326,1,-0.0416,-0.0075,1.2542,1.2549,-0.4162,-0.0416,-0.0074,1.2447,1.2454,-0.4171,0.1165
259,8.6333,1.2787,1,-0.0399,-0.0082,1.2358,1.2365,-0.2946,-0.0399,-0.0083,1.2276,1.2283,-0.2994,0.1254
260,8.6667,1.3515,1,-0.0381,-0.0087,1.2174,1.2180,-0.1780,-0.0375,-0.0085,1.2097,1.2103,-0.1764,0.0394
261,8.7000,1.2156,1,-0.0364,-0.0093,1.1990,1.1996,-0.0668,-0.0361,-0.0092,1.1909,1.1915,-0.0832,0.1876
262,8.7333,1.3478,1,-0.0347,-0.0097,1.1806,1.1812,0.0390,-0.0344,-0.0093,1.1727,1.1733,0.0357,0.2117
263,8.7667,1.2515,1,-0.0331,-0.0102,1.1622,1.1627,0.1391,-0.0329,-0.0101,1.1557,1.1562,0.0919,0.0223
264,8.8000,1.2636,1,-0.0314,-0.0106,1.1438,1.1443,0.2333,-0.0313,-0.0106,1.1347,1.1352,0.2202,0.0936
265,8.8333,1.3427,1,-0.0298,-0.0109,1.1254,1.1259,0.3215,-0.0294,-0.0107,1.1177,1.1181,0.3525,0.0357
266,8.8667,1.2793,1,-0.0282,-0.0112,1.1070,1.1074,0.4036,-0.0278,-0.0112,1.1004,1.1008,0.3747,0.3793
267,8.9000,1.5958,1,-0.0267,-0.0114,1.0886,1.0890,0.4794,-0.0264,-0.0113,1.0809,1.0813,0.4520,0.2763
268,8.9333,1.3310,1,-0.0251,-0.0116,1.0702,1.0706,0.5489,-0.0252,-0.0114,1.0628,1.0631,0.5257,0.1219
269,8.9667,1.4772,1,-0.0237,-0.0117,1.0518,1.0522,0.6121,-0.0235,-0.0116,1.0441,1.0445,0.5821,0.1995
270,9.0000,1.3053,1,-0.0222,-0.0118,1.0334,1.0338,0.6688,-0.0220,-0.0116,1.0254,1.0257,0.6652,0.2020
271,9.0333,1.4291,1,-0.0208,-0.0119,1.0151,1.0153,0.7190,-0.0204,-0.0118,1.0075,1.0078,0.7085,0.1728
272,9.0667,1.2788,1,-0.0194,-0.0119,0.9967,0.9969,0.7628,-0.0195,-0.0120,0.9899,0.9902,0.7255,0.1373
273,9.1000,1.6575,1,-0.0181,-0.0119,0.9783,0.9785,0.8001,-0.0182,-0.0118,0.9713,0.9715,0.7498,0.1509
274,9.1333,1.3162,1,-0.0168,-0.0118,0.9599,0.9601,0.8310,-0.0164,-0.0116,0.9524,0.9526,0.8364,0.0484
275,9.1667,1.3828,1,-0.0155,-0.0117,0.9415,0.9417,0.8556,-0.0160,-0.0113,0.9342,0.9344,0.8852,0.3434
276,9.2000,1.3702,1,-0.0143,-0.0115,0.9231,0.9233,0.8739,-0.0142,-0.0116,0.9154,0.9156,0.8273,0.0908
277,9.2333,1.3813,1,-0.0131,-0.0113,0.9047,0.9048,0.8861,-0.0128,-0.0111,0.8977,0.8978,0.8738,0.0886
278,9.2667,1.2836,1,-0.0120,-0.0111,0.8863,0.8864,0.8922,-0.0120,-0.0106,0.8789,0.8790,0.9252,0.1207
279,9.3000,1.3894,1,-0.0109,-0.0108,0.8679,0.8680,0.8924,-0.0106,-0.0106,0.8612,0.8613,0.8949,0.0224
280,9.3333,1.3913,1,-0.0099,-0.0105,0.8495,0.8496,0.8868,-0.0098,-0.0103,0.8431,0.8432,0.8742,0.2093
281,9.3667,1.8265,1,-0.0089,-0.0102,0.8311,0.8312,0.8756,-0.0090,-0.0102,0.8240,0.8241,0.8559,0.0460
282,9.4000,1.4486,1,-0.0080,-0.0098,0.8127,0.8128,0.8590,-0.0082,-0.0095,0.8071,0.8072,0.8349,0.2150
283,9.4333,1.8338,1,-0.0071,-0.0094,0.7943,0.7944,0.8372,-0.0071,-0.0093,0.7873,0.7874,0.8223,0.0457
284,9.4667,1.3922,1,-0.0062,-0.0089,0.7759,0.7760,0.8105,-0.0060,-0.0090,0.7691,0.7692,0.8072,0.0323
285,9.5000,1.3910,1,-0.0054,-0.0085,0.7575,0.7576,0.7790,-0.0058,-0.0083,0.7505,0.7506,0.7903,0.3407
286,9.5333,1.4199,1,-0.0047,-0.0080,0.7391,0.7392,0.7430,-0.0046,-0.0080,0.7326,0.7327,0.7053,0.2234
287,9.5667,1.5262,1,-0.0040,-0.0075,0.7207,0.7208,0.7027,-0.0040,-0.0074,0.7148,0.7148,0.6816,0.2494
288,9.6000,1.4384,1,-0.0034,-0.0069,0.7023,0.7024,0.6585,-0.0034,-0.0071,0.6961,0.6961,0.6572,0.2131
289,9.6333,1.4170,1,-0.0028,-0.0064,0.6839,0.6840,0.6107,-0.0025,-0.0065,0.6781,0.6781,0.6009,0.2173
290,9.6667,1.3885,1,-0.0023,-0.0058,0.6656,0.6656,0.5595,-0.0022,-0.0058,0.6597,0.6597,0.5577,0.1630
291,9.7000,1.3335,1,-0.0018,-0.0052,0.6472,0.6472,0.5052,-0.0019,-0.0050,0.6412,0.6412,0.4786,0.1828
292,9.7333,1.4539,1,-0.0014,-0.0046,0.6288,0.6288,0.4481,-0.0012,-0.0046,0.6232,0.6232,0.4735,0.0288
293,9.7667,1.3223,1,-0.0010,-0.0039,0.6104,0.6104,0.3886,-0.0010,-0.0039,0.6052,0.6052,0.3962,0.2109
294,9.8000,1.3566,1,-0.0007,-0.0033,0.5920,0.5920,0.3271,-0.0006,-0.0031,0.5863,0.5863,0.3401,0.2173
295,9.8333,1.3545,1,-0.0004,-0.0027,0.5736,0.5736,0.2638,-0.0004,-0.0027,0.5674,0.5674,0.2675,0.0123
296,9.8667,1.8353,1,-0.0003,-0.0020,0.5552,0.5552,0.1991,-0.0002,-0.0021,0.5499,0.5499,0.1967,0.2300
297,9.9000,1.4539,1,-0.0001,-0.0013,0.5368,0.5368,0.1333,-0.0000,-0.0011,0.5316,0.5316,0.1299,0.3428
298,9.9333,1.4749,1,-0.0000,-0.0007,0.5184,0.5184,0.0668,-0.0003,-0.0007,0.5128,0.5128,0.0450,0.0072
299,9.9667,1.5407,1,-0.0000,-0.0000,0.5000,0.5000,0.0000,-0.0000,0.0000,0.4944,0.4944,0.0071,0.0007
